"","x"
"1","ERBB4"
"2","NRXN3"
"3","CDC20B"
"4","NXPH1"
"5","HTR2C"
"6","NPAS3"
"7","SPP1"
"8","ADARB2"
"9","LINC01965"
"10","DPP10"
"11","AL589740.1"
"12","LRP1B"
"13","TAFA1"
"14","SOX2-OT"
"15","LRRC4C"
"16","CDH18"
"17","KCNIP4"
"18","CNTNAP2"
"19","TENM2"
"20","ZNF804B"
"21","AC109466.1"
"22","OPCML"
"23","SOX6"
"24","PCDH15"
"25","CSMD1"
"26","BCAS1"
"27","IQCJ-SCHIP1"
"28","DLX6-AS1"
"29","IL1RAPL2"
"30","DACH1"
"31","XIST"
"32","PDZRN3"
"33","GLI3"
"34","SORCS1"
"35","NRG1"
"36","COL1A1"
"37","MIR924HG"
"38","GALNTL6"
"39","EPHA6"
"40","TMEM132D"
"41","SAMSN1"
"42","UNC5D"
"43","ADAMTSL1"
"44","SGCZ"
"45","LINC02770"
"46","CCL4L2"
"47","AC092957.1"
"48","KCNQ5"
"49","CCL4"
"50","NKAIN2"
"51","ADGRV1"
"52","RGS6"
"53","LRMDA"
"54","RALYL"
"55","LRRTM4"
"56","GRIK2"
"57","HS3ST4"
"58","GRID2"
"59","MDGA2"
"60","LHFPL3"
"61","CCNO"
"62","APBB1IP"
"63","PARD3B"
"64","LINGO2"
"65","KLHL1"
"66","AC007402.1"
"67","DIAPH3"
"68","PCDH9"
"69","LNCAROD"
"70","KIAA1217"
"71","PTPRT"
"72","RORA"
"73","FBXL7"
"74","NR3C2"
"75","TRPM3"
"76","HS6ST3"
"77","SATB2"
"78","DOCK8"
"79","PBX3"
"80","AC103409.1"
"81","CREB5"
"82","PDE1A"
"83","XACT"
"84","CNTN5"
"85","PTPRK"
"86","PLXDC2"
"87","PDGFD"
"88","BMP5"
"89","EPHA3"
"90","COL25A1"
"91","FLT1"
"92","AC004052.1"
"93","GPC5"
"94","TNC"
"95","AC008415.1"
"96","GLIS3"
"97","GRM7"
"98","ABI3BP"
"99","LTBP1"
"100","RUNX1T1"
"101","NEGR1"
"102","AC069277.1"
"103","CNTN4"
"104","FOXP2"
"105","MGAT4C"
"106","SNTG1"
"107","LUZP2"
"108","DCC"
"109","COL6A3"
"110","ZBTB20"
"111","PTPRM"
"112","PKN2-AS1"
"113","PDGFRA"
"114","SLIT3"
"115","AL353784.1"
"116","CDH12"
"117","NCAM2"
"118","ZFPM2"
"119","AGBL1"
"120","EBF1"
"121","RBFOX1"
"122","FYB1"
"123","CNTNAP5"
"124","DEC1"
"125","SEMA5A"
"126","GPC6"
"127","THRB"
"128","PTN"
"129","TRHDE"
"130","KCND2"
"131","BNC2"
"132","LINC02315"
"133","SHROOM3"
"134","CFH"
"135","AL157944.1"
"136","LINC00278"
"137","RBMS3"
"138","RELN"
"139","ROBO1"
"140","CSMD3"
"141","ST18"
"142","LINC02147"
"143","TOP2A"
"144","EEPD1"
"145","SLC1A3"
"146","SLC35F3"
"147","COL3A1"
"148","SGCD"
"149","TBX18"
"150","NR2F2-AS1"
"151","ZNF385B"
"152","C8orf34"
"153","PRKG1"
"154","ADGB"
"155","ZEB1"
"156","UNC5C"
"157","THSD7B"
"158","TLE4"
"159","CLSTN2"
"160","UNC13C"
"161","FGF12"
"162","LINC00609"
"163","CRABP1"
"164","AC011586.2"
"165","LINC01435"
"166","ZFHX4"
"167","GABRG3"
"168","KIF26B"
"169","FGF14"
"170","SPOCK3"
"171","PEX5L"
"172","MEF2C"
"173","LSAMP"
"174","LINC02506"
"175","PDE3A"
"176","PCDH7"
"177","KCTD8"
"178","RYR2"
"179","CX3CR1"
"180","IL1RAPL1"
"181","BRINP3"
"182","HPSE2"
"183","SDK1"
"184","MACROD2"
"185","SAMD4A"
"186","TAFA2"
"187","SEMA3E"
"188","TMTC2"
"189","EFNA5"
"190","CCN1"
"191","EGFR"
"192","AP002989.1"
"193","HSPA1A"
"194","APOLD1"
"195","CENPE"
"196","CA10"
"197","CDH9"
"198","COL11A1"
"199","CCK"
"200","TOX"
"201","ZNF385D"
"202","BX284613.2"
"203","FBN2"
"204","ASPM"
"205","KAZN"
"206","PCDH11Y"
"207","AC011287.1"
"208","ASTN2"
"209","LINC01515"
"210","BRIP1"
"211","ARPP21"
"212","PDK4"
"213","NXPH2"
"214","RMST"
"215","CPNE4"
"216","ZNF536"
"217","LINC02476"
"218","GRM5"
"219","TCTEX1D1"
"220","AC117461.1"
"221","KCNC2"
"222","MAST4"
"223","NDNF"
"224","NELL1"
"225","CUX2"
"226","AC008591.1"
"227","CDH20"
"228","ARHGAP29"
"229","PTCHD1-AS"
"230","CENPF"
"231","FLI1"
"232","BMPR1B"
"233","NKAIN3"
"234","AL136456.1"
"235","MOXD1"
"236","DPY19L1"
"237","NFIA"
"238","SRGN"
"239","CCL3"
"240","FRMPD4"
"241","QKI"
"242","AC068308.1"
"243","AC112206.2"
"244","TENM3"
"245","CACNA2D3"
"246","KCTD16"
"247","DTHD1"
"248","OBI1-AS1"
"249","PRR16"
"250","LINC01876"
"251","DSCAM"
"252","POU6F2"
"253","MIR99AHG"
"254","DOK5"
"255","AC092691.1"
"256","ALCAM"
"257","CHSY3"
"258","MAML2"
"259","DGKB"
"260","AC125613.1"
"261","NRP1"
"262","CCBE1"
"263","SORCS3"
"264","ELMO1"
"265","IGFBP7"
"266","NTS"
"267","PTGDS"
"268","SATB1-AS1"
"269","HES1"
"270","OCA2"
"271","NTNG1"
"272","SLCO1C1"
"273","MERTK"
"274","DACH2"
"275","LMO3"
"276","TSHZ2"
"277","PDZRN4"
"278","HSPA1B"
"279","SAMD5"
"280","AC007319.1"
"281","AC004852.2"
"282","AC114689.3"
"283","CPNE8"
"284","ADAM28"
"285","XKR4"
"286","INPP4B"
"287","MCTP1"
"288","DAB1"
"289","C5orf17"
"290","EMP1"
"291","ABCG2"
"292","LINC01821"
"293","KCNH5"
"294","TMEFF2"
"295","CDH13"
"296","COL4A5"
"297","DLGAP2"
"298","SST"
"299","SLC4A4"
"300","IKZF1"
"301","ECT2"
"302","SYK"
"303","AL078602.1"
"304","AC131571.1"
"305","PLXNA4"
"306","FAM160A1"
"307","EYA1"
"308","KIRREL3"
"309","GAD1"
"310","AC097518.2"
"311","MSC-AS1"
"312","HCRTR2"
"313","AC008056.1"
"314","RIT2"
"315","CFAP47"
"316","CNTNAP4"
"317","RSPH1"
"318","KHDRBS3"
"319","AC131944.1"
"320","KIF14"
"321","LINC00470"
"322","RAD51B"
"323","KCNMB2"
"324","AC096570.1"
"325","GRM8"
"326","ITIH5"
"327","DLC1"
"328","LINC02388"
"329","MECOM"
"330","PAM"
"331","EML6"
"332","CHRM3"
"333","NDST4"
"334","ITPR2"
"335","LINC01446"
"336","GRIA4"
"337","LMNTD1"
"338","FIGN"
"339","IQGAP2"
"340","CFAP52"
"341","SLC9A9"
"342","FGL2"
"343","ASIC2"
"344","SERPINE1"
"345","FHIT"
"346","KIF18A"
"347","GULP1"
"348","COLEC12"
"349","LYVE1"
"350","AC002460.2"
"351","ADAMTS6"
"352","TLL1"
"353","THSD7A"
"354","AL033504.1"
"355","CADPS2"
"356","AL162493.1"
"357","SEMA3C"
"358","SLC35F4"
"359","APOE"
"360","PARD3"
"361","NWD2"
"362","TMTC1"
"363","MEIS2"
"364","AC016152.1"
"365","SHISA6"
"366","AL110292.1"
"367","CFAP299"
"368","LINC01170"
"369","MKI67"
"370","LINC00276"
"371","TPX2"
"372","DOK6"
"373","LINC01748"
"374","PREX2"
"375","RIMS2"
"376","SULF1"
"377","PRICKLE2"
"378","FOXP1"
"379","ATP8B4"
"380","STARD13"
"381","MAGI1"
"382","AC012409.2"
"383","ID4"
"384","AL606923.2"
"385","LHFPL6"
"386","MLIP"
"387","SLC38A11"
"388","MOB3B"
"389","CDH8"
"390","LDB2"
"391","PTCHD4"
"392","AC108734.4"
"393","KLHL32"
"394","PCDH11X"
"395","NRG3"
"396","NLGN1"
"397","VIM"
"398","AL357375.1"
"399","SLCO1A2"
"400","GRIN2A"
"401","PDE7B"
"402","PDE1C"
"403","KHDRBS2"
"404","HSPB1"
"405","NETO1"
"406","SGO1-AS1"
"407","CDK6"
"408","RRM2"
"409","SLIT2"
"410","CHST9"
"411","LINC02055"
"412","GALNT13"
"413","DLEU2"
"414","AL589693.1"
"415","RXFP1"
"416","DNAAF1"
"417","LINC01322"
"418","NEBL"
"419","AL590814.1"
"420","PRSS12"
"421","GRIN3A"
"422","SYNPR"
"423","HS6ST2"
"424","CRH"
"425","RASGEF1B"
"426","PLS3"
"427","ADAMTSL3"
"428","MIR4300HG"
"429","CNTN3"
"430","AC009315.1"
"431","SOX18"
"432","STK32B"
"433","LRFN5"
"434","SLC24A2"
"435","KNL1"
"436","AQP4"
"437","GRIK1"
"438","PROX1"
"439","MMS22L"
"440","CCDC85A"
"441","AC117464.1"
"442","ADAMTS3"
"443","AC020687.1"
"444","TENM3-AS1"
"445","AC104664.1"
"446","AC020637.1"
"447","ANKFN1"
"448","LINC01088"
"449","TMEM132B"
"450","LINC01117"
"451","COL1A2"
"452","OLFM3"
"453","PCSK5"
"454","CRYAB"
"455","SNTG2"
"456","ROBO2"
"457","AC110023.1"
"458","HES5"
"459","DPYD"
"460","LINC02197"
"461","KIF11"
"462","NTRK2"
"463","MED12L"
"464","CCDC175"
"465","AL445250.1"
"466","PIF1"
"467","SMOC1"
"468","BUB1"
"469","FAT3"
"470","PLCE1"
"471","FSTL5"
"472","LINC01478"
"473","PID1"
"474","BCL11B"
"475","AC022433.1"
"476","ZFPM2-AS1"
"477","KCNMB2-AS1"
"478","DLGAP5"
"479","NCALD"
"480","AC114757.1"
"481","NAALADL2"
"482","AC120193.1"
"483","HPSE"
"484","DOCK10"
"485","TMEM132C"
"486","HMGA2"
"487","ARHGAP11B"
"488","PRKD1"
"489","AC006296.3"
"490","AC079772.1"
"491","PCDH17"
"492","GPR39"
"493","SYN3"
"494","TRPS1"
"495","PLPP3"
"496","CDH10"
"497","EPHA7"
"498","CNTN6"
"499","LINC01505"
"500","TRPC4"
"501","PLD1"
"502","RIPOR2"
"503","AC099792.1"
"504","TRPC6"
"505","STK3"
"506","FLRT2"
"507","STK33"
"508","ADAMTS19"
"509","DLG2"
"510","ADGRF5"
"511","TTC29"
"512","CHRM2"
"513","LINC02306"
"514","HSPA6"
"515","AC021231.1"
"516","AL365295.1"
"517","LMCD1-AS1"
"518","MYO3A"
"519","ITGA2"
"520","VWC2"
"521","TEKT1"
"522","GAD2"
"523","AL591686.2"
"524","EMCN"
"525","NUF2"
"526","SLC26A7"
"527","EPB41L4A"
"528","RBM47"
"529","PLD5"
"530","PIEZO2"
"531","GFAP"
"532","MAF"
"533","SCN1A"
"534","AC007368.1"
"535","BMPER"
"536","PRELID2"
"537","SPARCL1"
"538","SLC44A5"
"539","AL355612.1"
"540","BUB1B"
"541","YAP1"
"542","PTCSC3"
"543","AC233296.1"
"544","FAM163A"
"545","ADAMTS9-AS2"
"546","CXCL14"
"547","SLC6A13"
"548","RYR3"
"549","AL022068.1"
"550","AC068759.1"
"551","SMC4"
"552","CDC25C"
"553","COL19A1"
"554","LINC00879"
"555","ASB5"
"556","AC005355.1"
"557","LINC01299"
"558","IFI30"
"559","LINC01393"
"560","ICAM1"
"561","UTRN"
"562","AC073114.1"
"563","MTUS2"
"564","CSGALNACT1"
"565","RARB"
"566","NCKAP5"
"567","MITF"
"568","NFIB"
"569","AC087564.1"
"570","SYBU"
"571","CIT"
"572","RSPO2"
"573","AC092422.1"
"574","LINC02208"
"575","ISLR"
"576","COL4A6"
"577","PTPRG"
"578","SLCO2B1"
"579","TSIX"
"580","GRIK3"
"581","INPP5D"
"582","CLDN11"
"583","BICC1"
"584","GABRG3-AS1"
"585","LINC02712"
"586","BRINP1"
"587","RORB"
"588","LINC02232"
"589","DYNC1I1"
"590","AC005064.1"
"591","LINC01470"
"592","SPHKAP"
"593","AP001122.1"
"594","AC119674.1"
"595","AC002069.2"
"596","ARHGAP24"
"597","AL591519.1"
"598","DCT"
"599","ROR1"
"600","VSIG4"
"601","GLRA2"
"602","PTPRD"
"603","GABRB1"
"604","GHR"
"605","TCERG1L"
"606","CARMIL1"
"607","CPED1"
"608","WLS"
"609","FOSB"
"610","ST6GALNAC5"
"611","AC048352.1"
"612","SFRP1"
"613","SGO2"
"614","AC073225.1"
"615","GJA1"
"616","AC073529.1"
"617","FGFR2"
"618","VCAN"
"619","CFAP54"
"620","ST6GALNAC3"
"621","PCSK2"
"622","ST8SIA5"
"623","EGFL6"
"624","ALK"
"625","KIF18B"
"626","AL445255.1"
"627","GPNMB"
"628","PIP5K1B"
"629","MSI2"
"630","ID1"
"631","CBLN2"
"632","CHD7"
"633","PTPRZ1"
"634","FOS"
"635","ADAMTS17"
"636","AL591501.1"
"637","RBM20"
"638","KCNH1"
"639","HS3ST5"
"640","LRIG1"
"641","ATRNL1"
"642","LINC02008"
"643","CNTLN"
"644","FRAS1"
"645","LINC01619"
"646","LINC01967"
"647","AC012405.1"
"648","AC132153.1"
"649","KCNH8"
"650","GPR156"
"651","MAP3K19"
"652","ZNF521"
"653","CALN1"
"654","LINC02218"
"655","PLCH1"
"656","TRIQK"
"657","AL133346.1"
"658","CRB1"
"659","WDR63"
"660","KIF4A"
"661","CCSER1"
"662","LINC01473"
"663","SPANXA2-OT1"
"664","PWRN4"
"665","JUNB"
"666","MELK"
"667","CROCC2"
"668","LINC00907"
"669","NUSAP1"
"670","ANGPT1"
"671","AC106729.1"
"672","MARCH1"
"673","PLCB1"
"674","STXBP6"
"675","CLDN5"
"676","LINC00378"
"677","AQP4-AS1"
"678","LINC02398"
"679","GAS2L3"
"680","ZNF804A"
"681","GAB1"
"682","NPY"
"683","GNG12-AS1"
"684","ALDH1A2"
"685","AC013470.2"
"686","LRRTM3"
"687","AL590550.1"
"688","SNHG31"
"689","NDC80"
"690","ABTB2"
"691","SIPA1L1"
"692","PCAT1"
"693","CD38"
"694","LIMCH1"
"695","ZFP36L1"
"696","CNTN1"
"697","SHISA9"
"698","PLEKHH2"
"699","FAM189A1"
"700","MRC1"
"701","COBLL1"
"702","TSHR"
"703","ELP4"
"704","AC013287.1"
"705","AC060765.2"
"706","EOMES"
"707","KITLG"
"708","CDH4"
"709","MAML3"
"710","AC006148.1"
"711","LINC01208"
"712","LYN"
"713","KDR"
"714","LRRK1"
"715","PRKCB"
"716","AC099517.1"
"717","AL355306.2"
"718","LPAR1"
"719","SPON1"
"720","NOTCH2"
"721","CENPK"
"722","LINC00290"
"723","WDR49"
"724","RGS20"
"725","ETV1"
"726","MSR1"
"727","CDH6"
"728","EBF3"
"729","RHOJ"
"730","AC010967.1"
"731","P3H2"
"732","AC034195.1"
"733","BRINP2"
"734","LINC01091"
"735","ID3"
"736","NPNT"
"737","DPP6"
"738","DDAH1"
"739","DKK2"
"740","WWOX"
"741","DTL"
"742","RGS1"
"743","MIR137HG"
"744","SPATA6"
"745","PIK3C2G"
"746","LRRC3B"
"747","AL606516.1"
"748","NPSR1-AS1"
"749","KCNIP1"
"750","PRKCA"
"751","MIR646HG"
"752","BOC"
"753","KCNQ3"
"754","AC090578.1"
"755","SFMBT2"
"756","AL163541.1"
"757","MEGF10"
"758","NREP-AS1"
"759","LAMA3"
"760","RIN3"
"761","EDNRA"
"762","SYNE2"
"763","PLAU"
"764","SULT1E1"
"765","CFAP73"
"766","ITGA8"
"767","COL12A1"
"768","CD36"
"769","CDCA2"
"770","FSTL4"
"771","ZFHX4-AS1"
"772","ARMC3"
"773","DCDC1"
"774","TCF7L1"
"775","KIF15"
"776","EGR1"
"777","KCNJ3"
"778","MYRIP"
"779","VWC2L"
"780","AC079142.1"
"781","AC073091.3"
"782","ZEB1-AS1"
"783","EPHA4"
"784","AC004875.1"
"785","AL513166.1"
"786","NFIA-AS2"
"787","SLC16A12"
"788","ITGAX"
"789","DTNA"
"790","AGBL4"
"791","ANOS1"
"792","LINC02645"
"793","AC024901.1"
"794","NAA11"
"795","CDH7"
"796","SLC8A1"
"797","MDFIC"
"798","TMEM178A"
"799","KIF23"
"800","AC080132.1"
"801","RUNX1"
"802","MGST1"
"803","AC091078.1"
"804","CDK1"
"805","VAV3"
"806","LUCAT1"
"807","EYS"
"808","ADGRL4"
"809","PRAG1"
"810","LINC01483"
"811","GRAMD1B"
"812","COL24A1"
"813","DNAH11"
"814","GRIN2B"
"815","AC068051.1"
"816","SDC2"
"817","IMMP2L"
"818","ESAM"
"819","AC073475.1"
"820","CD74"
"821","TNFSF18"
"822","AC069410.1"
"823","GRM7-AS3"
"824","ARAP2"
"825","MIS18BP1"
"826","FMN1"
"827","AC020718.1"
"828","RTKN2"
"829","AC073050.1"
"830","PPFIBP1"
"831","MROH9"
"832","AC007262.2"
"833","CLU"
"834","FOXO1"
"835","LRMP"
"836","PARPBP"
"837","LINC01374"
"838","ESRRG"
"839","NELL2"
"840","RNLS"
"841","CSF2RA"
"842","GPR158"
"843","CCNB1"
"844","MARCH11"
"845","OLR1"
"846","ARHGAP42"
"847","MIR2052HG"
"848","SP100"
"849","LINC01266"
"850","TTK"
"851","MID1"
"852","POLQ"
"853","EPAS1"
"854","LINC01725"
"855","PDGFC"
"856","PECAM1"
"857","CRADD"
"858","GPC4"
"859","SLC27A6"
"860","PACRG"
"861","HAS2"
"862","UBE2E2"
"863","LIFR"
"864","AL807742.1"
"865","LEF1"
"866","AC017053.1"
"867","AP005230.1"
"868","LIPG"
"869","PGF"
"870","LINC01122"
"871","RANBP3L"
"872","NDST3"
"873","AL008633.1"
"874","AC083837.1"
"875","RGS7"
"876","FOLH1"
"877","GADL1"
"878","OLIG1"
"879","AC083864.5"
"880","ACVR1C"
"881","RASSF8"
"882","LINC00499"
"883","AC002072.1"
"884","PLCB4"
"885","HULC"
"886","SLC2A13"
"887","AC139720.1"
"888","SLCO4C1"
"889","AC013652.1"
"890","MIR4500HG"
"891","AC046195.1"
"892","CAMKMT"
"893","LINC01162"
"894","PON2"
"895","STON2"
"896","GAB3"
"897","SAMD3"
"898","KCNN2"
"899","AC004594.1"
"900","HCN1"
"901","NECAB1"
"902","EFEMP1"
"903","GABRB2"
"904","PANTR1"
"905","CASC17"
"906","ATP13A4"
"907","ERG"
"908","SEZ6L"
"909","AC104574.2"
"910","RASGRF2"
"911","SLC24A3"
"912","CTNNA3"
"913","FAM135B"
"914","ACTN2"
"915","LINC01035"
"916","C1orf143"
"917","AL392172.2"
"918","GBX1"
"919","LINC01602"
"920","AC110611.2"
"921","AC091096.1"
"922","AC008574.1"
"923","AC132803.1"
"924","P2RY12"
"925","AC079304.1"
"926","ECSCR"
"927","TCF7L2"
"928","SLC35F1"
"929","HIST1H1B"
"930","CD84"
"931","SUCLG2"
"932","FBXO32"
"933","ZBTB16"
"934","PTH2R"
"935","DAAM2"
"936","PDZD2"
"937","CA8"
"938","EDA"
"939","ZMAT4"
"940","PAG1"
"941","AL359232.1"
"942","RFC3"
"943","TNFSF10"
"944","TGFBR2"
"945","COBL"
"946","AC097511.1"
"947","KLHL4"
"948","HMGB2"
"949","AC021851.2"
"950","CCN2"
"951","SOX1-OT"
"952","TGFBI"
"953","SUGCT"
"954","ITGAL"
"955","Z83818.2"
"956","CYYR1"
"957","ITM2A"
"958","PAUPAR"
"959","AC016766.1"
"960","AC009975.1"
"961","PLCL1"
"962","LINC01094"
"963","DCN"
"964","NEIL3"
"965","RBMS1"
"966","AC021504.1"
"967","MARCH3"
"968","IGF1"
"969","ATAD2"
"970","PTPRR"
"971","RNF144B"
"972","KCNMA1"
"973","ADAMTS9"
"974","AC008691.1"
"975","P2RY14"
"976","TTC6"
"977","AL354771.1"
"978","ARHGEF28"
"979","ANLN"
"980","TAC3"
"981","ARX"
"982","ADCY8"
"983","CNR1"
"984","AC093865.1"
"985","EDIL3"
"986","CCL3L1"
"987","C3"
"988","MMD2"
"989","DPH6-DT"
"990","LINC01606"
"991","GRM3"
"992","LAMA1"
"993","PAPPA2"
"994","MBNL3"
"995","LINC01440"
"996","TANC1"
"997","RSPO3"
"998","MAP3K1"
"999","RERGL"
"1000","TEX41"
"1001","AC117834.1"
"1002","VEPH1"
"1003","MFSD2A"
"1004","NPL"
"1005","DSCAML1"
"1006","CHODL"
"1007","PALLD"
"1008","SLCO6A1"
"1009","AC073332.1"
"1010","PRLR"
"1011","ZNF704"
"1012","LINC02267"
"1013","CXXC4-AS1"
"1014","MT1E"
"1015","LINC02752"
"1016","PDE4B"
"1017","PDLIM5"
"1018","AF121898.1"
"1019","LHFPL3-AS1"
"1020","AC022655.1"
"1021","FAM153CP"
"1022","NOS1"
"1023","CACNB2"
"1024","CENPP"
"1025","AL137139.2"
"1026","AC114930.1"
"1027","THSD4"
"1028","STS"
"1029","RXFP2"
"1030","NRCAM"
"1031","AL122014.1"
"1032","LINC01727"
"1033","PCBP3"
"1034","PLSCR4"
"1035","C21orf58"
"1036","CCDC178"
"1037","AC008014.1"
"1038","GLRA3"
"1039","CDON"
"1040","CASC15"
"1041","NTM"
"1042","LINC00996"
"1043","SHROOM4"
"1044","PLCXD3"
"1045","PRICKLE1"
"1046","SLC17A6"
"1047","PBK"
"1048","APLN"
"1049","CGNL1"
"1050","TENM1"
"1051","FGF10"
"1052","GIMAP7"
"1053","CADM2"
"1054","ELF1"
"1055","ABHD3"
"1056","LINC01194"
"1057","ADGRL2"
"1058","TSHZ3"
"1059","AL158077.2"
"1060","AP000829.1"
"1061","GABRA2"
"1062","AC007364.1"
"1063","ENTPD1"
"1064","LINC01572"
"1065","RFTN2"
"1066","ARHGAP20"
"1067","DOCK2"
"1068","KLHL29"
"1069","CALB2"
"1070","FNDC1"
"1071","BBX"
"1072","GREM2"
"1073","AC117834.2"
"1074","FRMPD2"
"1075","TNR"
"1076","CALCRL"
"1077","ARHGAP26"
"1078","GRM1"
"1079","AC019330.1"
"1080","AC005323.2"
"1081","TNS3"
"1082","SUCLG2-AS1"
"1083","KLHL14"
"1084","ADCY2"
"1085","AC090531.1"
"1086","LINC01811"
"1087","AL442163.1"
"1088","MEG3"
"1089","SLC25A21"
"1090","TFPI"
"1091","DIO2"
"1092","MCC"
"1093","AC009264.1"
"1094","BRCA2"
"1095","NR3C1"
"1096","GTSE1"
"1097","BCHE"
"1098","SVEP1"
"1099","CEP112"
"1100","AL109930.1"
"1101","AC104123.1"
"1102","KANK1"
"1103","CFAP157"
"1104","RASSF9"
"1105","LINC01414"
"1106","MAP3K5"
"1107","ADRA1A"
"1108","TMEM144"
"1109","ADGRL3"
"1110","AC108721.2"
"1111","SOX2"
"1112","GAS7"
"1113","AC079793.1"
"1114","CEBPD"
"1115","HLA-E"
"1116","NEAT1"
"1117","CPM"
"1118","AC113414.1"
"1119","AC109927.1"
"1120","COL5A2"
"1121","EYA2"
"1122","SH3RF1"
"1123","TENM4"
"1124","UST"
"1125","DISC1"
"1126","MSRA"
"1127","ABLIM1"
"1128","ARHGAP6"
"1129","AL162725.2"
"1130","DCHS2"
"1131","HDAC9"
"1132","POT1-AS1"
"1133","AC093898.1"
"1134","TENT5A"
"1135","SORBS2"
"1136","PPP4R4"
"1137","KLHL13"
"1138","FYB2"
"1139","BARD1"
"1140","LINC00639"
"1141","AL353072.2"
"1142","AL157911.1"
"1143","GALNT10"
"1144","PHLPP1"
"1145","NHS"
"1146","SYN2"
"1147","LINC02301"
"1148","AL391117.1"
"1149","AC005537.1"
"1150","LYPD6"
"1151","CDC14A"
"1152","TMEM123"
"1153","AL356108.1"
"1154","IGFBP5"
"1155","EVA1C"
"1156","AC124854.1"
"1157","GALNT17"
"1158","LAMA4"
"1159","FSIP2-AS1"
"1160","FGL1"
"1161","AC078881.1"
"1162","MAN1A1"
"1163","CXorf21"
"1164","DOCK9"
"1165","OXR1"
"1166","LRRC1"
"1167","BMP6"
"1168","CCDC170"
"1169","MPPED2"
"1170","AC083862.3"
"1171","ST8SIA6"
"1172","NEDD4"
"1173","SPC25"
"1174","AC079352.1"
"1175","ITPRID1"
"1176","PDE8B"
"1177","NEK7"
"1178","IL1RAP"
"1179","DNAH12"
"1180","MPP6"
"1181","BHLHE40-AS1"
"1182","KAT2B"
"1183","AC005909.2"
"1184","AC026341.1"
"1185","ANO3"
"1186","MEIS1"
"1187","ZNF385D-AS2"
"1188","SPOCK1"
"1189","DIAPH2"
"1190","PROX1-AS1"
"1191","AL049828.1"
"1192","PCED1B"
"1193","F11-AS1"
"1194","E2F7"
"1195","CARMN"
"1196","LMO7"
"1197","GNG12"
"1198","DNAH7"
"1199","ATP1A2"
"1200","RAP2C-AS1"
"1201","CSF1"
"1202","ITGB8"
"1203","AC068286.2"
"1204","HOPX"
"1205","LDLRAD3"
"1206","NPR3"
"1207","CPQ"
"1208","IL33"
"1209","CEMIP2"
"1210","MYO1E"
"1211","CRYM"
"1212","SPATA13"
"1213","SH3TC2-DT"
"1214","AC016987.1"
"1215","MYO16"
"1216","PPP1R17"
"1217","DPF3"
"1218","NPAS2"
"1219","AC106793.1"
"1220","AL049597.2"
"1221","AL357141.1"
"1222","CHODL-AS1"
"1223","AC004053.1"
"1224","AC005999.2"
"1225","ATP10B"
"1226","JUN"
"1227","PCDH9-AS2"
"1228","KIF2C"
"1229","ZFHX3"
"1230","AL096854.1"
"1231","DNAH14"
"1232","AC244502.1"
"1233","AL359091.1"
"1234","ARHGAP25"
"1235","RNF17"
"1236","AL592156.2"
"1237","PAPPA"
"1238","FUT9"
"1239","AC012404.1"
"1240","SPRY4-AS1"
"1241","DLEU1"
"1242","MBP"
"1243","FREM1"
"1244","PLEKHA7"
"1245","LINC01950"
"1246","STXBP5L"
"1247","ARMC4"
"1248","WIPF1"
"1249","LRIG3"
"1250","GLI2"
"1251","L3MBTL4"
"1252","AC092944.1"
"1253","LINC01482"
"1254","AC108169.1"
"1255","CA3"
"1256","TBC1D1"
"1257","SLC38A4"
"1258","ANXA1"
"1259","DOCK1"
"1260","LAMA2"
"1261","TRPC5"
"1262","NFATC2"
"1263","AURKA"
"1264","BCL2"
"1265","FRMD4B"
"1266","ZHX2"
"1267","FREM2"
"1268","CYTOR"
"1269","DPH6"
"1270","TMEM163"
"1271","AP001977.1"
"1272","RBMS3-AS3"
"1273","AOAH"
"1274","AC105411.1"
"1275","AL135878.1"
"1276","ANKRD33B"
"1277","AC124254.2"
"1278","POSTN"
"1279","BRCA1"
"1280","AP000459.2"
"1281","AL442636.1"
"1282","GALNT14"
"1283","AC068722.1"
"1284","KIF13A"
"1285","RCAN2"
"1286","GAREM1"
"1287","ROBO4"
"1288","ANTXR2"
"1289","AC079298.3"
"1290","METAP1D"
"1291","GUCY1A2"
"1292","P2RY13"
"1293","CDHR3"
"1294","CEP55"
"1295","MET"
"1296","COL21A1"
"1297","CCDC141"
"1298","AC090579.1"
"1299","AL392023.2"
"1300","PTGER3"
"1301","AF165147.1"
"1302","AC016042.1"
"1303","C9orf135"
"1304","NCAPG"
"1305","LINC02663"
"1306","AC060834.2"
"1307","NOX4"
"1308","PRKG2"
"1309","NT5DC1"
"1310","DISC1FP1"
"1311","TSHZ1"
"1312","DMD"
"1313","LINC02408"
"1314","UGT8"
"1315","GMDS-DT"
"1316","LINC02223"
"1317","AC022730.4"
"1318","AC113386.1"
"1319","AL390860.1"
"1320","PAWR"
"1321","TP63"
"1322","SH3GL2"
"1323","KCNB2"
"1324","CASC2"
"1325","CA12"
"1326","NMU"
"1327","CDK14"
"1328","AC046195.2"
"1329","AL590807.1"
"1330","PTPN13"
"1331","SCN9A"
"1332","ADAMTS1"
"1333","KCNU1"
"1334","ZFP36L2"
"1335","LDLRAD4"
"1336","OSBPL10"
"1337","TGFB2"
"1338","SASH1"
"1339","ABCA12"
"1340","SPATA16"
"1341","AC015522.1"
"1342","AL133166.1"
"1343","AC098588.3"
"1344","AL358944.1"
"1345","RGS22"
"1346","MAP3K20"
"1347","BACE2"
"1348","ARHGAP15"
"1349","SH3D19"
"1350","LINC02112"
"1351","SNTB1"
"1352","DIRC3"
"1353","TSBP1-AS1"
"1354","ARHGAP18"
"1355","EPB41L2"
"1356","PADI2"
"1357","SLC7A11"
"1358","HIST1H1D"
"1359","LINC01933"
"1360","SYNPO2"
"1361","SYNDIG1"
"1362","AC114971.1"
"1363","ARHGAP28"
"1364","LINC01684"
"1365","RAB27B"
"1366","CKAP2L"
"1367","RAB31"
"1368","AC104596.1"
"1369","AL445433.2"
"1370","EYA4"
"1371","SERPINI2"
"1372","INSYN2B"
"1373","LINC02694"
"1374","TNFAIP8"
"1375","AC007563.2"
"1376","EFHC2"
"1377","PTPRC"
"1378","CD44"
"1379","PPARGC1A"
"1380","PIK3R5"
"1381","ANO4"
"1382","HDAC2-AS2"
"1383","AK5"
"1384","PELI2"
"1385","KCNS3"
"1386","ITGA6"
"1387","DCDC2"
"1388","ZNF208"
"1389","RREB1"
"1390","LINC02789"
"1391","DIAPH2-AS1"
"1392","LINC00882"
"1393","ACSBG1"
"1394","HTR4"
"1395","STPG2"
"1396","LINC00159"
"1397","DEPDC1"
"1398","NTN1"
"1399","PRKCH"
"1400","DLEU7"
"1401","LINC02336"
"1402","LYPD6B"
"1403","AL138828.1"
"1404","PLCG2"
"1405","RAB12"
"1406","HGF"
"1407","AC114763.1"
"1408","AC018616.1"
"1409","EBF2"
"1410","AL034348.1"
"1411","LINC00504"
"1412","ABCC4"
"1413","AC061958.1"
"1414","GRIK4"
"1415","IKZF2"
"1416","ARHGAP11A"
"1417","ETS1"
"1418","LINC01579"
"1419","AC087280.2"
"1420","CFAP43"
"1421","CST3"
"1422","AF117829.1"
"1423","CKAP2"
"1424","DEPDC1B"
"1425","GNAL"
"1426","PLXNA2"
"1427","SLC6A1"
"1428","AL138701.2"
"1429","CSMD2"
"1430","NETO2"
"1431","AC018618.1"
"1432","ADAM12"
"1433","MAN2A1"
"1434","SESN3"
"1435","MND1"
"1436","TBL1X"
"1437","CLMP"
"1438","KCNN3"
"1439","CENPI"
"1440","AC025159.1"
"1441","AL596087.2"
"1442","LINC01182"
"1443","U91319.1"
"1444","COL9A1"
"1445","AL357052.1"
"1446","WWTR1"
"1447","LGR4"
"1448","ARHGAP31"
"1449","IPCEF1"
"1450","CRPPA"
"1451","TM4SF18"
"1452","AC117453.1"
"1453","LRP4"
"1454","HMGCS1"
"1455","MYBL1"
"1456","CAPS2"
"1457","PALMD"
"1458","DAW1"
"1459","ST8SIA1"
"1460","ROR2"
"1461","DUSP5"
"1462","C22orf15"
"1463","CH25H"
"1464","AQP9"
"1465","SLC2A5"
"1466","MALRD1"
"1467","ENOX2"
"1468","CDH11"
"1469","HMCN1"
"1470","AC104248.1"
"1471","AC097487.1"
"1472","CD86"
"1473","IL6R"
"1474","CACNA1C"
"1475","HS3ST2"
"1476","CAPSL"
"1477","SKAP2"
"1478","GABRA4"
"1479","SLC16A10"
"1480","UBE2C"
"1481","TYR"
"1482","HAPLN1"
"1483","UBA6-AS1"
"1484","AC024145.1"
"1485","ZIC1"
"1486","ESCO2"
"1487","SPATA17"
"1488","ITPR1"
"1489","ITGA1"
"1490","LIN28B"
"1491","ASTN2-AS1"
"1492","PLOD2"
"1493","CADPS"
"1494","MCUB"
"1495","ADGRG6"
"1496","LINC01776"
"1497","ANKRD7"
"1498","AC114316.1"
"1499","SCIN"
"1500","RFX4"
"1501","RNF217-AS1"
"1502","STOX1"
"1503","AL024495.1"
"1504","AC119868.2"
"1505","LINC00970"
"1506","SEMA6D"
"1507","LINC00648"
"1508","MPP7"
"1509","PAX6"
"1510","XRCC4"
"1511","ETV5"
"1512","GAS2"
"1513","RAPGEF5"
"1514","GALNT18"
"1515","AC079760.1"
"1516","AL356124.1"
"1517","NIBAN1"
"1518","PLEKHG1"
"1519","SCN1A-AS1"
"1520","VSNL1"
"1521","PTTG1"
"1522","AKAIN1"
"1523","RGSL1"
"1524","LINC01720"
"1525","SLC15A3"
"1526","LINC01479"
"1527","LINC02345"
"1528","TMEM117"
"1529","TEAD1"
"1530","FSTL1"
"1531","LINC01376"
"1532","DOCK11"
"1533","AL138773.1"
"1534","AC007656.2"
"1535","FSIP2"
"1536","AC110296.1"
"1537","AC092131.1"
"1538","MEG8"
"1539","MSRB3"
"1540","PTPRB"
"1541","AC044893.1"
"1542","SPARC"
"1543","LINC01301"
"1544","SLC14A2"
"1545","AC004158.1"
"1546","CNKSR3"
"1547","TTTY14"
"1548","AC087490.1"
"1549","AC007405.1"
"1550","KIAA0319"
"1551","LINC02327"
"1552","GRAMD2B"
"1553","EFCAB11"
"1554","FAM111B"
"1555","GRAMD1C"
"1556","ZNF423"
"1557","PTPN2"
"1558","NALCN"
"1559","TMEM182"
"1560","FANK1"
"1561","AP001825.1"
"1562","LINC00535"
"1563","PRDM16"
"1564","PRKN"
"1565","DTWD2"
"1566","MYO5B"
"1567","FNDC3B"
"1568","TMEM71"
"1569","SNCAIP"
"1570","AJ009632.2"
"1571","NR2F1-AS1"
"1572","AC104211.1"
"1573","FOXC1"
"1574","CEP152"
"1575","AC113137.1"
"1576","AC104781.2"
"1577","VEGFC"
"1578","HEG1"
"1579","DIO2-AS1"
"1580","SCGN"
"1581","TOX3"
"1582","CAMK4"
"1583","CCDC150"
"1584","AP000820.2"
"1585","TBC1D4"
"1586","TBXAS1"
"1587","PDE8A"
"1588","LINC01934"
"1589","CCDC102B"
"1590","ZBTB20-AS5"
"1591","NOSTRIN"
"1592","FANCI"
"1593","AP005203.1"
"1594","PROS1"
"1595","EPS8"
"1596","HIST1H3B"
"1597","TXK"
"1598","GFRA1"
"1599","PARM1"
"1600","AL133304.3"
"1601","RACGAP1"
"1602","LINC02664"
"1603","NTN4"
"1604","LRRC9"
"1605","MEF2C-AS1"
"1606","RASSF3"
"1607","SLC22A3"
"1608","AC008957.2"
"1609","LINC01500"
"1610","COL4A1"
"1611","GABRA1"
"1612","AC090630.1"
"1613","CSF3R"
"1614","HUNK"
"1615","AC002454.1"
"1616","INHBA"
"1617","AC098617.1"
"1618","KLF4"
"1619","TBL1Y"
"1620","AL512590.3"
"1621","ARHGEF26-AS1"
"1622","ABCC9"
"1623","PRTG"
"1624","OSBPL3"
"1625","HIST1H1C"
"1626","PRDM5"
"1627","AL445207.1"
"1628","C14orf39"
"1629","AL355838.1"
"1630","A2M"
"1631","EPHB1"
"1632","AP001021.3"
"1633","AC023282.1"
"1634","AC092958.1"
"1635","ETV6"
"1636","CDCA8"
"1637","KIF24"
"1638","TEC"
"1639","SV2C"
"1640","COMMD10"
"1641","AC013727.2"
"1642","AC105230.1"
"1643","LINC00598"
"1644","WDFY4"
"1645","BLM"
"1646","AL078459.1"
"1647","INTU"
"1648","SLC30A8"
"1649","AC007091.1"
"1650","SV2B"
"1651","HTR7"
"1652","AL162411.1"
"1653","RNF182"
"1654","AC138123.1"
"1655","DIPK2A"
"1656","RAPGEF4"
"1657","ITGB5"
"1658","AP000331.1"
"1659","AC091885.2"
"1660","CFAP65"
"1661","AC025887.2"
"1662","PTPRE"
"1663","PCGF5"
"1664","CEP128"
"1665","LINC02224"
"1666","B3GLCT"
"1667","CENPU"
"1668","CAV3"
"1669","ANKRD55"
"1670","KLF12"
"1671","NLGN4Y"
"1672","HIBADH"
"1673","PLPP4"
"1674","SHCBP1"
"1675","HMGA2-AS1"
"1676","ZNF438"
"1677","EXO1"
"1678","MPPED2-AS1"
"1679","ATXN1"
"1680","MYO1B"
"1681","AC023051.1"
"1682","PARP8"
"1683","PAMR1"
"1684","LINC02237"
"1685","CABCOCO1"
"1686","LRRIQ1"
"1687","GLCE"
"1688","NAV3"
"1689","STAC"
"1690","TACR3"
"1691","AC104041.1"
"1692","LINC00943"
"1693","MGMT"
"1694","LINC02143"
"1695","HELLS"
"1696","AR"
"1697","AC077690.1"
"1698","TM4SF1"
"1699","LEPR"
"1700","SLC25A43"
"1701","ZNF608"
"1702","NPAS1"
"1703","CRABP2"
"1704","RHOH"
"1705","MAP7"
"1706","RORA-AS1"
"1707","CYBRD1"
"1708","AC107223.1"
"1709","AL583808.1"
"1710","CCDC168"
"1711","NR2F2"
"1712","NLGN4X"
"1713","AC076968.2"
"1714","SNCA"
"1715","ADAMTS12"
"1716","PPARG"
"1717","STIL"
"1718","AC078923.1"
"1719","PRR11"
"1720","ADAMTS2"
"1721","TFEC"
"1722","AC092832.2"
"1723","MYO10"
"1724","CACNG3"
"1725","AKAP12"
"1726","PCSK6"
"1727","AC104078.2"
"1728","LPP"
"1729","TEX9"
"1730","LINC02326"
"1731","CNTNAP3"
"1732","AC004083.1"
"1733","VRK1"
"1734","BBOX1"
"1735","TFAP2D"
"1736","DPP10-AS3"
"1737","AC068931.1"
"1738","ELMO1-AS1"
"1739","LINC02284"
"1740","AC110614.1"
"1741","TMEM196"
"1742","PHACTR2"
"1743","LATS2"
"1744","LINC01508"
"1745","KIFC1"
"1746","LINC00472"
"1747","FN1"
"1748","PLA2G7"
"1749","AL033530.1"
"1750","AC091826.2"
"1751","CECR2"
"1752","CREM"
"1753","CACNA1A"
"1754","PTPN14"
"1755","AC090987.1"
"1756","C15orf41"
"1757","LINC01102"
"1758","ATP10A"
"1759","COL8A1"
"1760","XRCC2"
"1761","LGR6"
"1762","CAMK2D"
"1763","AFF2"
"1764","PLAG1"
"1765","SLC26A4"
"1766","SLAIN1"
"1767","LINC00571"
"1768","GUCY1A1"
"1769","TRIM22"
"1770","SYT10"
"1771","CHEK1"
"1772","AC005229.5"
"1773","RPH3A"
"1774","SRARP"
"1775","NID1"
"1776","SCHLAP1"
"1777","CCNT2-AS1"
"1778","SULT1C2"
"1779","CAVIN1"
"1780","MYO18B"
"1781","MYOZ2"
"1782","LINC00395"
"1783","PPP1R42"
"1784","CARD18"
"1785","AC068305.2"
"1786","RGS3"
"1787","AC090204.1"
"1788","TEX15"
"1789","PRRX1"
"1790","AC096570.2"
"1791","AC098829.1"
"1792","HIST1H2AC"
"1793","PRIM2"
"1794","AC006974.2"
"1795","LINC00621"
"1796","FAM83D"
"1797","SAMD12"
"1798","LINC01837"
"1799","AC246817.2"
"1800","APLF"
"1801","SKA3"
"1802","KLHL5"
"1803","TPTE2"
"1804","WDHD1"
"1805","KCNT2"
"1806","CYP7B1"
"1807","SOX21-AS1"
"1808","LEXM"
"1809","AC068489.1"
"1810","AC080068.1"
"1811","MGP"
"1812","C12orf50"
"1813","LINC00469"
"1814","HSPB8"
"1815","ISL1"
"1816","ZRANB2-AS2"
"1817","CASC1"
"1818","LHFPL2"
"1819","TNFAIP3"
"1820","AL034397.3"
"1821","LINC01495"
"1822","CMTM8"
"1823","TGIF2"
"1824","GXYLT2"
"1825","NYAP2"
"1826","GLYATL2"
"1827","C2orf73"
"1828","AC093523.1"
"1829","TIAM1"
"1830","SLC5A8"
"1831","VWA3A"
"1832","LINC01807"
"1833","ANGPT2"
"1834","PRKCA-AS1"
"1835","NPSR1"
"1836","E2F3"
"1837","RANBP17"
"1838","LINC00513"
"1839","CHRDL1"
"1840","TAF4B"
"1841","AURKB"
"1842","SYTL5"
"1843","LINC02642"
"1844","PLA2G4A"
"1845","GLCCI1"
"1846","AL357507.1"
"1847","SLCO3A1"
"1848","AL161717.1"
"1849","AC097528.1"
"1850","AC096711.2"
"1851","AL050309.1"
"1852","RASGRP3"
"1853","AC011474.1"
"1854","FRMD6"
"1855","SH3RF3"
"1856","TMEM232"
"1857","AP003049.2"
"1858","SIDT1"
"1859","DIPK2B"
"1860","AL136119.1"
"1861","AC018742.1"
"1862","KIAA1958"
"1863","FAT1"
"1864","NRP2"
"1865","VRK2"
"1866","CUX1"
"1867","FAM183A"
"1868","TLE1"
"1869","SGO1"
"1870","LINC00511"
"1871","KCNK13"
"1872","KIF26B-AS1"
"1873","PDE3B"
"1874","CERS3-AS1"
"1875","AC003991.1"
"1876","AC116362.1"
"1877","PIK3R1"
"1878","PKP4"
"1879","LEKR1"
"1880","SLC2A3"
"1881","AL513323.1"
"1882","UACA"
"1883","PRR5L"
"1884","MAGEC3"
"1885","CLSPN"
"1886","TTTY10"
"1887","ARHGAP12"
"1888","LINC00271"
"1889","DAPK2"
"1890","MEGF11"
"1891","CHRM3-AS2"
"1892","PPM1L"
"1893","CPVL"
"1894","VAT1L"
"1895","ARID5B"
"1896","LINC00200"
"1897","ST6GAL2"
"1898","RGS10"
"1899","CDH18-AS1"
"1900","ZBTB7C"
"1901","FAM155A"
"1902","SH3GL3"
"1903","LINC01829"
"1904","AC110014.1"
"1905","FKBP5"
"1906","GPR176"
"1907","AC079380.1"
"1908","SGK1"
"1909","BMP7"
"1910","AP000446.1"
"1911","ATG10"
"1912","SLC39A11"
"1913","BMP2K"
"1914","ARHGEF26"
"1915","AGTR1"
"1916","BCL11A"
"1917","SLC38A5"
"1918","LMO4"
"1919","SEMA3A"
"1920","AC012063.1"
"1921","AL359546.1"
"1922","TNFRSF19"
"1923","LINC01090"
"1924","LINC02775"
"1925","PRC1"
"1926","CLEC7A"
"1927","AL355672.1"
"1928","DCLK2"
"1929","DNAH6"
"1930","AC009879.4"
"1931","SUSD4"
"1932","C2orf27A"
"1933","CHRM5"
"1934","BGN"
"1935","AF130359.1"
"1936","CCNB2"
"1937","SIAH3"
"1938","TGFBR3"
"1939","AC113383.1"
"1940","CDH5"
"1941","AC007389.1"
"1942","GNA14"
"1943","BEST3"
"1944","AC005394.1"
"1945","AC109129.1"
"1946","MGAM"
"1947","ZNF365"
"1948","PALM2-AKAP2"
"1949","CCDC18"
"1950","ANKRD34C-AS1"
"1951","UFL1-AS1"
"1952","ZNF367"
"1953","IL6ST"
"1954","AC008571.2"
"1955","AC091946.1"
"1956","TPK1"
"1957","SCN7A"
"1958","STK17B"
"1959","SVIL"
"1960","DPEP1"
"1961","TRMT9B"
"1962","FAM222A-AS1"
"1963","SRBD1"
"1964","APCDD1"
"1965","AC034111.2"
"1966","AC037486.1"
"1967","LRGUK"
"1968","LRTM1"
"1969","WWC2"
"1970","SYT9"
"1971","LINC02607"
"1972","TFAP2C"
"1973","NTRK3"
"1974","AC084816.1"
"1975","PVT1"
"1976","ZBBX"
"1977","NIM1K"
"1978","MB21D2"
"1979","RBPJ"
"1980","CACNB4"
"1981","ADARB2-AS1"
"1982","LINC02163"
"1983","IRAK3"
"1984","SULF2"
"1985","ARHGEF6"
"1986","ENOSF1"
"1987","AC078785.1"
"1988","ANKRD30B"
"1989","LINC02328"
"1990","RAI14"
"1991","LRRC8C"
"1992","AC015631.1"
"1993","LINC00922"
"1994","SMAD9"
"1995","TRIM9"
"1996","ARHGAP44"
"1997","PAPSS2"
"1998","AC011346.1"
"1999","SEL1L3"
"2000","AC104073.4"
"2001","ADD3"
"2002","KCNJ6"
"2003","LRRK2"
"2004","SEMA5B"
"2005","GALNT7"
"2006","HHIP"
"2007","IL12RB2"
"2008","KBTBD12"
"2009","AL157829.1"
"2010","TCIM"
"2011","AC040168.1"
"2012","ADAMTS9-AS1"
"2013","CASC19"
"2014","AC012178.1"
"2015","AL136114.1"
"2016","LY86"
"2017","VSTM2A"
"2018","CFAP44"
"2019","DPYD-AS1"
"2020","ANO5"
"2021","NECTIN3-AS1"
"2022","SPATS2L"
"2023","KCND3"
"2024","HJURP"
"2025","AC008056.2"
"2026","FAM189A2"
"2027","AC245187.2"
"2028","LINC01111"
"2029","DNAH9"
"2030","TRPC7"
"2031","AC002377.1"
"2032","CDH23"
"2033","JAM2"
"2034","CRYBG3"
"2035","PWRN1"
"2036","AC104389.5"
"2037","PIK3R3"
"2038","DANT2"
"2039","AC093610.1"
"2040","FGF13"
"2041","LINC01340"
"2042","PEAK1"
"2043","PLSCR1"
"2044","GINS3"
"2045","LINC02652"
"2046","IKBIP"
"2047","BAG3"
"2048","AC096576.2"
"2049","COL4A2"
"2050","ID2"
"2051","PHLDB2"
"2052","SLC25A48"
"2053","AC012501.2"
"2054","RGS5"
"2055","MEPE"
"2056","ADAMTS16"
"2057","WDR72"
"2058","KCNH7"
"2059","SALL3"
"2060","AC245123.1"
"2061","VLDLR-AS1"
"2062","C1QTNF7"
"2063","CYP26A1"
"2064","FAM241A"
"2065","CLYBL"
"2066","CRISPLD1"
"2067","F3"
"2068","ACKR3"
"2069","PARVA"
"2070","C11orf88"
"2071","BEND6"
"2072","LINC00607"
"2073","FUT10"
"2074","FBXO5"
"2075","GDA"
"2076","AL356094.2"
"2077","IGSF11"
"2078","AC019130.1"
"2079","NRK"
"2080","STARD13-AS"
"2081","GBE1"
"2082","DOCK4"
"2083","PCLAF"
"2084","AC007432.1"
"2085","FAM149A"
"2086","ANK3"
"2087","AC008629.1"
"2088","AL138927.1"
"2089","AC090825.1"
"2090","ADAM32"
"2091","NHSL1"
"2092","C3orf67"
"2093","MIR181A2HG"
"2094","FOXN4"
"2095","AC079148.3"
"2096","ST5"
"2097","AC004949.1"
"2098","LINC02653"
"2099","ARG1"
"2100","STK32A"
"2101","CDKN3"
"2102","AC060765.1"
"2103","COL27A1"
"2104","FAM111A"
"2105","HNF4G"
"2106","KIF20B"
"2107","TACR1"
"2108","HTR1E"
"2109","AL158058.1"
"2110","B2M"
"2111","AASS"
"2112","CYBB"
"2113","AC093765.3"
"2114","RAD51AP1"
"2115","ABCA9"
"2116","MIR4435-2HG"
"2117","AC060234.3"
"2118","LINC02080"
"2119","CLEC1A"
"2120","LINC00326"
"2121","AL161757.4"
"2122","CA4"
"2123","AC005332.5"
"2124","SOCS3"
"2125","CFAP126"
"2126","BARX2"
"2127","AC072062.1"
"2128","CYYR1-AS1"
"2129","AL078604.4"
"2130","CXXC4"
"2131","GRID1"
"2132","ANKRD30BL"
"2133","LPAR3"
"2134","AC019117.2"
"2135","CACNG2"
"2136","TC2N"
"2137","DHRS7B"
"2138","FANCC"
"2139","AC004160.1"
"2140","GSTO2"
"2141","CDC14B"
"2142","CD99"
"2143","NCKAP5-AS2"
"2144","KLF2"
"2145","CPEB2"
"2146","GSG1L"
"2147","SHLD1"
"2148","AL390957.1"
"2149","SPAG16"
"2150","OPRM1"
"2151","ERI2"
"2152","GPR1"
"2153","THEMIS"
"2154","PPM1H"
"2155","SINHCAF"
"2156","SERTAD2"
"2157","RHBDF2"
"2158","AC016074.2"
"2159","LINC02233"
"2160","LINC01151"
"2161","ACSS3"
"2162","STAT4"
"2163","AC023480.1"
"2164","PRRG1"
"2165","TSBP1"
"2166","PDGFRB"
"2167","CCDC80"
"2168","GMDS"
"2169","SMAD3"
"2170","LINC02335"
"2171","SOAT1"
"2172","C21orf62-AS1"
"2173","LINC02144"
"2174","AVEN"
"2175","ELL2"
"2176","LPCAT2"
"2177","AC090809.1"
"2178","ATP8A2"
"2179","SPATA18"
"2180","AC069272.1"
"2181","TTYH1"
"2182","AC246817.1"
"2183","CORT"
"2184","CEMIP"
"2185","CEP83"
"2186","AL136441.1"
"2187","AL390800.1"
"2188","CELF2"
"2189","AC104035.1"
"2190","BDNF-AS"
"2191","DDX60L"
"2192","AC026167.1"
"2193","AC124290.1"
"2194","DRC1"
"2195","AHR"
"2196","DBF4"
"2197","TTYH2"
"2198","GINS1"
"2199","CYP39A1"
"2200","AP001636.3"
"2201","GABRG1"
"2202","ARFGEF3"
"2203","FGGY"
"2204","TOX2"
"2205","UPP2"
"2206","AC079385.1"
"2207","LINC02253"
"2208","AC104009.1"
"2209","AC010343.3"
"2210","AL033523.1"
"2211","FOXN2"
"2212","CTTNBP2"
"2213","ANO2"
"2214","GASK1B"
"2215","AC021086.1"
"2216","ZPBP"
"2217","ZCWPW2"
"2218","ELMOD1"
"2219","KIAA1324"
"2220","MTAP"
"2221","AC008957.1"
"2222","LINC02250"
"2223","AC012291.3"
"2224","AC013391.2"
"2225","EIF1B-AS1"
"2226","SERPINB9"
"2227","AC012349.1"
"2228","C4orf19"
"2229","STXBP5-AS1"
"2230","NSMCE2"
"2231","CA1"
"2232","DDR2"
"2233","SLC22A23"
"2234","MTUS1"
"2235","LINC01707"
"2236","TRIM59"
"2237","GEN1"
"2238","GAS1"
"2239","CHST11"
"2240","DGKH"
"2241","AC008127.1"
"2242","EPB41L3"
"2243","AC021613.1"
"2244","EFCAB2"
"2245","AC010991.1"
"2246","AC119673.2"
"2247","VAMP5"
"2248","PCDH10"
"2249","CFAP45"
"2250","KPNA2"
"2251","LINC01098"
"2252","PXDNL"
"2253","LINC00476"
"2254","NBAT1"
"2255","CCDC148"
"2256","LINC01331"
"2257","SWAP70"
"2258","DCLK3"
"2259","GLDC"
"2260","OSTN"
"2261","LINC02254"
"2262","SFRP4"
"2263","WARS2"
"2264","CXCL13"
"2265","ATF7IP2"
"2266","SGCG"
"2267","MALINC1"
"2268","ELAVL2"
"2269","RHBDD1"
"2270","ITGA4"
"2271","LINC02641"
"2272","GRK3"
"2273","FAM43A"
"2274","MME"
"2275","AP003464.1"
"2276","RBPMS"
"2277","BCAN"
"2278","MAMDC2"
"2279","SIPA1L2"
"2280","RFX3-AS1"
"2281","AC091973.1"
"2282","COL14A1"
"2283","CHRNA7"
"2284","AP000676.5"
"2285","DENND2C"
"2286","AC091646.1"
"2287","DUSP10"
"2288","LINC02141"
"2289","MIR548XHG"
"2290","FOXF2"
"2291","HHAT"
"2292","LINC02307"
"2293","NPFFR2"
"2294","MCHR2-AS1"
"2295","POLA1"
"2296","SAT1"
"2297","ZFY"
"2298","LURAP1L"
"2299","FRY"
"2300","PDE4D"
"2301","AC034268.2"
"2302","HMGN5"
"2303","LINC01798"
"2304","BACH1"
"2305","SLC17A8"
"2306","UBASH3B"
"2307","FABP7"
"2308","NID2"
"2309","HES6"
"2310","TACC3"
"2311","SNX24"
"2312","AL078590.2"
"2313","MAP3K21"
"2314","NR6A1"
"2315","USP6NL"
"2316","LINC01445"
"2317","SCN11A"
"2318","AL020994.2"
"2319","AC021752.1"
"2320","DDX60"
"2321","LINC01197"
"2322","LINC01980"
"2323","FANCB"
"2324","FBLN7"
"2325","SYT17"
"2326","BEND7"
"2327","C3orf67-AS1"
"2328","LIMD1"
"2329","APOC1"
"2330","DNM3"
"2331","AL590006.1"
"2332","MCHR2"
"2333","RAB39A"
"2334","METTL15"
"2335","AFF1"
"2336","GREM1"
"2337","METTL25"
"2338","IGFBPL1"
"2339","OIP5"
"2340","EPM2A"
"2341","LINC02615"
"2342","LINC02378"
"2343","EDNRB"
"2344","KCNK2"
"2345","DUBR"
"2346","AIM2"
"2347","KCNQ1OT1"
"2348","PGAP1"
"2349","CELSR1"
"2350","LINC00944"
"2351","LINC02355"
"2352","ZNF98"
"2353","NEO1"
"2354","DMGDH"
"2355","SLCO5A1"
"2356","NXN"
"2357","LINC01938"
"2358","ELOVL7"
"2359","PDGFB"
"2360","CD34"
"2361","PTCHD1"
"2362","AC012085.2"
"2363","MIPOL1"
"2364","SHC3"
"2365","RASGRP1"
"2366","AGBL1-AS1"
"2367","AC063944.1"
"2368","DYNLRB2"
"2369","LINC02568"
"2370","NDE1"
"2371","SETD7"
"2372","HS3ST3A1"
"2373","SOHLH2"
"2374","AL391840.1"
"2375","AP002026.1"
"2376","LINC01756"
"2377","AC079896.1"
"2378","AC008662.1"
"2379","AC004830.2"
"2380","GRASP"
"2381","LINC01203"
"2382","ABO"
"2383","LINC01644"
"2384","RRAS2"
"2385","PALD1"
"2386","VCAN-AS1"
"2387","STEAP1B"
"2388","LINC02649"
"2389","GLYAT"
"2390","AL079338.1"
"2391","LINC02217"
"2392","KIF9-AS1"
"2393","MCM10"
"2394","LINC01099"
"2395","AC087477.2"
"2396","GADD45B"
"2397","Z93930.2"
"2398","FTCDNL1"
"2399","PHKA1"
"2400","ZNF732"
"2401","RIN2"
"2402","CCDC171"
"2403","AC002066.1"
"2404","LINC01277"
"2405","LINC02246"
"2406","MPP5"
"2407","LINC01708"
"2408","SCG2"
"2409","AC110809.1"
"2410","AL513164.1"
"2411","HS3ST1"
"2412","AC004470.1"
"2413","LINC01501"
"2414","FAT4"
"2415","TPRG1"
"2416","LINC02755"
"2417","NAPEPLD"
"2418","SLC5A4-AS1"
"2419","DPP10-AS1"
"2420","PLK4"
"2421","PDLIM3"
"2422","AC011369.1"
"2423","AC017050.1"
"2424","MRPS30-DT"
"2425","YPEL2"
"2426","SOX9"
"2427","SYT16"
"2428","AL160314.2"
"2429","CAVIN3"
"2430","AC107204.1"
"2431","LHX9"
"2432","PTPRG-AS1"
"2433","AC079760.2"
"2434","JCAD"
"2435","DGKG"
"2436","TJP2"
"2437","PREX1"
"2438","YES1"
"2439","PPP2R2B"
"2440","GOLIM4"
"2441","LINC01793"
"2442","MBNL1"
"2443","PPP1R1C"
"2444","GRP"
"2445","AC021351.1"
"2446","RAD18"
"2447","SCML4"
"2448","LINC01951"
"2449","MYCT1"
"2450","CMC1"
"2451","AC011447.3"
"2452","PTGFR"
"2453","LINC02389"
"2454","LRRIQ3"
"2455","CC2D2B"
"2456","MKX"
"2457","GALM"
"2458","AC104803.1"
"2459","OSTF1"
"2460","AC004943.2"
"2461","LIX1-AS1"
"2462","KCNK1"
"2463","AL137024.1"
"2464","ADHFE1"
"2465","LRRC63"
"2466","GCNT2"
"2467","ADGRG2"
"2468","REPS2"
"2469","STPG2-AS1"
"2470","AC006116.8"
"2471","OLFML3"
"2472","NSUN7"
"2473","AC064875.1"
"2474","AP001172.1"
"2475","DEPTOR"
"2476","FOXJ1"
"2477","ZNF730"
"2478","AC113385.1"
"2479","ARHGAP19"
"2480","C12orf42"
"2481","BMP3"
"2482","AC111006.1"
"2483","AC090518.1"
"2484","DUSP16"
"2485","SEMA3D"
"2486","LINC02458"
"2487","ZBTB20-AS1"
"2488","PRKCQ"
"2489","DYNC2H1"
"2490","ADGRL3-AS1"
"2491","TIMP3"
"2492","AC009522.1"
"2493","ARL15"
"2494","ME1"
"2495","ITGAV"
"2496","AC022101.1"
"2497","HTR2A"
"2498","RBBP8"
"2499","TFDP2"
"2500","COL23A1"
"2501","AC008269.1"
"2502","HIST1H2AG"
"2503","OVOL2"
"2504","SLC9C1"
"2505","C9orf147"
"2506","ACER2"
"2507","TRHDE-AS1"
"2508","AC026116.1"
"2509","NRIP1"
"2510","TRIM5"
"2511","TGFA"
"2512","CLCN5"
"2513","DLX1"
"2514","AP000787.1"
"2515","VWF"
"2516","TMEM200A"
"2517","AC011389.1"
"2518","CD83"
"2519","EMX2OS"
"2520","AL110114.1"
"2521","AC099520.1"
"2522","AGAP1"
"2523","OSBPL1A"
"2524","AC137770.1"
"2525","OVCH1-AS1"
"2526","AC109492.1"
"2527","LINC01456"
"2528","AC092674.1"
"2529","AL512634.1"
"2530","CDC20"
"2531","GPC3"
"2532","AC093425.1"
"2533","AC009899.1"
"2534","C12orf60"
"2535","AC138627.1"
"2536","ST8SIA4"
"2537","CREB3L2"
"2538","AMMECR1"
"2539","CCDC122"
"2540","KLF5"
"2541","GLYATL1"
"2542","AC013265.1"
"2543","WARS2-AS1"
"2544","NEK5"
"2545","GNG4"
"2546","AL356295.1"
"2547","LHX2"
"2548","TSPAN12"
"2549","AL445623.2"
"2550","AC137494.1"
"2551","RPL34-AS1"
"2552","DGKI"
"2553","CDYL"
"2554","RMDN2-AS1"
"2555","GLIPR1L1"
"2556","PLCL2"
"2557","ALG14"
"2558","CFAP61"
"2559","KNTC1"
"2560","AC009623.1"
"2561","AC073091.4"
"2562","RSPH4A"
"2563","SLC1A2"
"2564","FAXDC2"
"2565","LINC02465"
"2566","LINC02269"
"2567","GABPB1"
"2568","AC040174.1"
"2569","WDR78"
"2570","NEK10"
"2571","DPP4"
"2572","S100A10"
"2573","HEATR5A"
"2574","AL591368.1"
"2575","NCAPH"
"2576","AC106845.1"
"2577","LRRC36"
"2578","NIN"
"2579","ATP8B1"
"2580","IQGAP3"
"2581","AC244131.2"
"2582","LRBA"
"2583","USP53"
"2584","NR4A2"
"2585","TLK1"
"2586","AC053527.2"
"2587","EAF2"
"2588","AC092640.1"
"2589","FRG1-DT"
"2590","FRMD5"
"2591","LINC02646"
"2592","AC011632.1"
"2593","EZR"
"2594","SP110"
"2595","ANXA4"
"2596","STK17A"
"2597","AL162717.1"
"2598","TTC23"
"2599","MAPK4"
"2600","TESK2"
"2601","CRIM1"
"2602","AC007681.1"
"2603","CEP126"
"2604","AC026353.1"
"2605","LGMN"
"2606","AL121987.1"
"2607","GCSAML"
"2608","LINC02438"
"2609","DNAI2"
"2610","TNFRSF11A"
"2611","AF127936.1"
"2612","IL18R1"
"2613","AC024230.1"
"2614","COX7B2"
"2615","GIMAP4"
"2616","AL691420.1"
"2617","AC112481.2"
"2618","AC021491.2"
"2619","AC005144.1"
"2620","AP001042.1"
"2621","CCNJL"
"2622","SNHG27"
"2623","GPR63"
"2624","TMPO"
"2625","LIN9"
"2626","AP002812.2"
"2627","ARRDC3-AS1"
"2628","AL603840.1"
"2629","CHST8"
"2630","SLC4A10"
"2631","RFTN1"
"2632","ANXA2"
"2633","AL136366.1"
"2634","KCNJ8"
"2635","GCH1"
"2636","ITPRIPL2"
"2637","IFNG-AS1"
"2638","TPPP3"
"2639","CLIC4"
"2640","SCGB2B2"
"2641","ADCY9"
"2642","RHBDL3"
"2643","AL139340.1"
"2644","ZC3H12C"
"2645","PPM1D"
"2646","PDK3"
"2647","TRPC3"
"2648","AC002451.1"
"2649","SLC47A2"
"2650","SLX4IP"
"2651","RBMS3-AS2"
"2652","MUSK"
"2653","NFE2L2"
"2654","AC112493.1"
"2655","PRKY"
"2656","LINC02853"
"2657","ANK1"
"2658","SDHAF3"
"2659","GRM7-AS1"
"2660","NIPAL3"
"2661","LINC02672"
"2662","AL360178.1"
"2663","GAS1RR"
"2664","LINC01917"
"2665","AC083870.1"
"2666","TULP3"
"2667","WSCD1"
"2668","NEDD1"
"2669","CBLN4"
"2670","VIP"
"2671","DISP3"
"2672","CEP135"
"2673","CDYL2"
"2674","AL133395.1"
"2675","AL160272.1"
"2676","HIST1H2BG"
"2677","AC087664.1"
"2678","DERA"
"2679","XYLT1"
"2680","BORA"
"2681","NCKAP1L"
"2682","PDSS2"
"2683","POLR3G"
"2684","FGF2"
"2685","AL359081.1"
"2686","FSIP1"
"2687","IQCH"
"2688","PTPRQ"
"2689","AL354696.2"
"2690","CD93"
"2691","SMC2"
"2692","PHYHIPL"
"2693","TPD52"
"2694","FBN1"
"2695","AC027288.3"
"2696","AC138305.1"
"2697","PDLIM1"
"2698","AC016650.1"
"2699","AL713851.1"
"2700","AC017101.1"
"2701","FHAD1"
"2702","AC009126.1"
"2703","ARHGAP22"
"2704","WDFY3-AS2"
"2705","LINC01378"
"2706","AC079921.1"
"2707","RGMA"
"2708","CDK15"
"2709","UBE3D"
"2710","RCAN1"
"2711","CALD1"
"2712","PPEF1"
"2713","HLF"
"2714","SHOC1"
"2715","CSF1R"
"2716","DNAI1"
"2717","WASF3"
"2718","CATSPERE"
"2719","SERPINI1"
"2720","BAZ2B"
"2721","MRC2"
"2722","NFKB1"
"2723","MCF2"
"2724","OVCH1"
"2725","SMOC2"
"2726","MGAT4A"
"2727","AK7"
"2728","AC027097.2"
"2729","IFI16"
"2730","COL13A1"
"2731","MCTP2"
"2732","ZGRF1"
"2733","NEUROD4"
"2734","KIF6"
"2735","SILC1"
"2736","ABCB5"
"2737","AL162253.2"
"2738","ZNF16"
"2739","LINC01937"
"2740","CHEK2"
"2741","STK39"
"2742","AC109441.1"
"2743","ATP2C2"
"2744","LINC00871"
"2745","RIMS1"
"2746","ERICH3"
"2747","PLEK"
"2748","NUP210L"
"2749","AL138999.2"
"2750","C16orf74"
"2751","C12orf40"
"2752","AC068875.1"
"2753","LPL"
"2754","CA13"
"2755","HIST2H2AC"
"2756","PCDH19"
"2757","TIPIN"
"2758","LCORL"
"2759","HIVEP2"
"2760","AC092939.1"
"2761","SCLT1"
"2762","ENPP3"
"2763","LHX6"
"2764","AC005165.1"
"2765","TMOD1"
"2766","SSTR2"
"2767","FANCD2"
"2768","ANKRD6"
"2769","TES"
"2770","CA2"
"2771","LINC02798"
"2772","RBMS2"
"2773","OTUD7B"
"2774","ZDHHC14"
"2775","PUDP"
"2776","SFXN5"
"2777","VWA3B"
"2778","AL132633.1"
"2779","AC090115.1"
"2780","AL353660.1"
"2781","FAM133A"
"2782","KCTD1"
"2783","FGD3"
"2784","SGPP1"
"2785","FANCM"
"2786","MCF2L2"
"2787","FBXO17"
"2788","AC003988.1"
"2789","ST3GAL6"
"2790","TTC8"
"2791","CUBN"
"2792","NECTIN3"
"2793","CCND3"
"2794","PRKX"
"2795","AL357873.1"
"2796","SPAG17"
"2797","KLRG1"
"2798","HPGD"
"2799","PPM1E"
"2800","RNASEH2B"
"2801","AC095032.1"
"2802","MAMDC2-AS1"
"2803","CKS2"
"2804","LINC02742"
"2805","AC012668.3"
"2806","S100A11"
"2807","FAAH2"
"2808","AL121999.1"
"2809","PPP1R16B"
"2810","LINC00534"
"2811","PPCDC"
"2812","MIR3681HG"
"2813","BAZ1A"
"2814","AC021723.2"
"2815","AL137017.1"
"2816","GADD45G"
"2817","WNT16"
"2818","GOLPH3L"
"2819","DNAH5"
"2820","SLC24A4"
"2821","GRIP2"
"2822","AC079052.1"
"2823","AC009061.2"
"2824","AC097662.1"
"2825","PARP4"
"2826","DCDC2C"
"2827","ACVR1"
"2828","FGFR1"
"2829","DNA2"
"2830","AP000317.1"
"2831","LINC01033"
"2832","LRP4-AS1"
"2833","AC079848.2"
"2834","COL28A1"
"2835","SLC22A15"
"2836","GARNL3"
"2837","ESR2"
"2838","LINC01931"
"2839","AC106791.1"
"2840","MTERF1"
"2841","FLG-AS1"
"2842","LINC00850"
"2843","SPRED1"
"2844","GPRIN3"
"2845","CDCA7L"
"2846","FGD6"
"2847","AC074286.1"
"2848","AL096794.1"
"2849","APBB2"
"2850","ABCA1"
"2851","LINC02343"
"2852","LPAR6"
"2853","KIAA1324L"
"2854","TICRR"
"2855","TMCC3"
"2856","SFMBT1"
"2857","Z94721.1"
"2858","AC093157.1"
"2859","AC006041.2"
"2860","RCAN3"
"2861","AC003666.1"
"2862","UMAD1"
"2863","AC012494.1"
"2864","AC139769.2"
"2865","EFCAB1"
"2866","LINC00616"
"2867","NPHP1"
"2868","CCDC196"
"2869","ILDR2"
"2870","AC025508.1"
"2871","AC011029.1"
"2872","VSTM2L"
"2873","AC092535.4"
"2874","SLC10A7"
"2875","OSTM1-AS1"
"2876","CD4"
"2877","CD109"
"2878","CCDC15"
"2879","KIF20A"
"2880","AC092652.2"
"2881","WDR64"
"2882","ZNRF3"
"2883","STAT3"
"2884","ABCB4"
"2885","AC005162.3"
"2886","AL359644.1"
"2887","TEK"
"2888","SCML2"
"2889","AC067956.1"
"2890","NCEH1"
"2891","FAR2"
"2892","AFG1L"
"2893","MGME1"
"2894","TMIGD3"
"2895","AL591135.2"
"2896","CYP3A43"
"2897","AL162414.1"
"2898","FOLR2"
"2899","AL138694.1"
"2900","AL355916.1"
"2901","PCAT19"
"2902","AP001605.1"
"2903","GGT5"
"2904","EVA1B"
"2905","AL359220.1"
"2906","AGT"
"2907","PEX7"
"2908","EPCAM-DT"
"2909","REEP3"
"2910","AL121749.2"
"2911","CELF2-DT"
"2912","NEFL"
"2913","CSRP2"
"2914","WNT7B"
"2915","AC079148.2"
"2916","TESC"
"2917","IDH2-DT"
"2918","AL136962.1"
"2919","TRERF1"
"2920","AC007846.1"
"2921","DNAJC24"
"2922","SLC35G1"
"2923","AC090376.1"
"2924","RASGRF1"
"2925","AC010894.3"
"2926","DLX6"
"2927","MXD3"
"2928","TDRD3"
"2929","MAP3K20-AS1"
"2930","FAM20A"
"2931","SLC9B1"
"2932","ACSM6"
"2933","PIGK"
"2934","LIN52"
"2935","EGLN3"
"2936","CALB1"
"2937","SLITRK5"
"2938","ATP2B4"
"2939","GLIPR1L2"
"2940","CYP20A1"
"2941","DENND2A"
"2942","LAMC1"
"2943","FUT8"
"2944","TMPRSS11A"
"2945","LINC02058"
"2946","AC007614.1"
"2947","CHST3"
"2948","FAM13A"
"2949","TJP1"
"2950","EEF1AKMT1"
"2951","PTK7"
"2952","AL589935.1"
"2953","PLA2R1"
"2954","CFAP69"
"2955","CDR2"
"2956","AC092844.1"
"2957","UTY"
"2958","NIPAL1"
"2959","HIST1H2BJ"
"2960","AL445123.2"
"2961","JPH1"
"2962","AL162511.1"
"2963","SOX9-AS1"
"2964","ADRA1B"
"2965","TMEM164"
"2966","BHLHE41"
"2967","RTTN"
"2968","TCEA3"
"2969","GRIA1"
"2970","LINC02826"
"2971","AC099499.1"
"2972","GRB14"
"2973","DSE"
"2974","PRSS23"
"2975","HK2"
"2976","KIZ-AS1"
"2977","ZSCAN5A"
"2978","VIPR2"
"2979","AL139815.1"
"2980","NEUROG1"
"2981","PLS1"
"2982","MSH5"
"2983","POLE2"
"2984","CCDC173"
"2985","AC079465.1"
"2986","AC019131.1"
"2987","ENPP6"
"2988","MNS1"
"2989","TAF3"
"2990","SLC9C2"
"2991","AC073941.1"
"2992","TTC26"
"2993","TTC23L"
"2994","MAP4K3-DT"
"2995","RNF217"
"2996","PCBD2"
"2997","AP3B1"
"2998","BCKDHB"
"2999","SLC16A1-AS1"
"3000","AC073569.2"
