CBC	barcode	UMI_Count
b'ATCTATTGCATCAGGA'	AATTCAAACCCCTGGCGATGG-GATCAACGCTGTAACGCCTG-CTAGCCGCACACGTGTGGAC	6
b'AGGGAGTCAAGGCCTG'	AATTCAAACCCCTGGCGATGG-GATCAACGCTGTAACGCCTG-CTAGCCGCACACGTGTGGAC	1
b'ACCTCATACCTTCATA'	AATTCAAACCCCTGGCGATGG-GATCAACGCTGTAACGCCTG-CTAGCCGCACACGTGTGGAC	1
b'CATAATTGCATCAGGA'	AATTCAAACCCCTGGCGATGG-GATCAACGCTGTAACGCCTG-CTAGCCGCACACGTGTGGAC	1
b'CACCAGAAACCAACAG'	AATTCAAACCCCTGGCGATGG-GATCAACGCTGTAACGCCTG-CTAGCCGCACACGTGTGGAC	1
b'ATCCCCGAAGTACAAT'	AATTCAAACCCCTGGCGATGG-GATCAACGCTGTAACGCCTG-CTAGCCGCACACGTGTGGAC	1
b'ATATCCGCAGGTATAT'	AATTCAAACCCCTGGCGATGG-GATCAACGCTGTAACGCCTG-CTAGCCGCACACGTGTGGAC	1
b'ATCTATTCCAGGATAC'	AATTCAAACCCCTGGCGATGG-GATCAACGCTGTAACGCCTG-CTAGCCGCACACGTGTGGAC	1
b'AGATACCACATGACTT'	AATTCAAACCCCTGGCGATGG-GATCAACGCTGTAACGCCTG-CTAGCCGCACACGTGTGGAC	1
b'CCAAAGCGACCAACTC'	AATTCAAACCCCTGGCGATGG-GATCAACGCTGTAACGCCTG-CTAGCCGCACACGTGTGGAC	1
b'CCAGAAGACCGTAGGA'	AATTCAAACCCCTGGCGATGG-GATCAACGCTGTAACGCCTG-CTAGCCGCACACGTGTGGAC	1
b'AACTACTGAATAACTA'	AATTCAAACCCCTGGCGATGG-GATCAACGCTGTAACGCCTG-CTAGCCGCACACGTGTGGAC	1
b'ATCTAACTAGGGAGGT'	AATTCAAACCCCTGGCGATGG-GATCAACGCTGTAACGCCTG-CTAGCCGCACACGTGTGGAC	1
b'AAGTAATTACTACAAC'	AATTCAAACCCCTGGCGATGG-GATCAACGCTGTAACGCCTG-CTAGCCGCACACGTGTGGAC	1
b'CAGTATCCATGCCATA'	AATTCAAACCCCTGGCGATGG-GATCAACGCTGTAACGCCTG-CTAGCCGCACACGTGTGGAC	1
b'ATTAAGTAATCTAAAC'	AATTCAAACCCCTGGCGATGG-GATCAACGCTGTAACGCCTG-CTAGCCGCACACGTGTGGAC	1
b'CATAAGACCATCAGGA'	AATTCAAACCCCTGGCGATGG-GATCAACGCTGTAACGCCTG-CTAGCCGCACACGTGTGGAC	2
b'AGATCAGCCATAATCC'	AATTCAAACCCCTGGCGATGG-GATCAACGCTGTAACGCCTG-CTAGCCGCACACGTGTGGAC	1
b'CCGGATGAAGTCAGGC'	AATTCAAACCCCTGGCGATGG-GATCAACGCTGTAACGCCTG-CTAGCCGCACACGTGTGGAC	1
b'CATTAATGAGCTCAGG'	AATTCAAACCCCTGGCGATGG-GATCAACGCTGTAACGCCTG-CTAGCCGCACACGTGTGGAC	1
b'CCTTACGTACCTCACT'	AATTCAAACCCCTGGCGATGG-GATCAACGCTGTAACGCCTG-CTAGCCGCACACGTGTGGAC	1
b'AGCCAACTATCCATAG'	AATTCAAACCCCTGGCGATGG-GATCAACGCTGTAACGCCTG-CTAGCCGCACACGTGTGGAC	1
b'ACTTCCTGCATCAGGA'	AATTCAAACCCCTGGCGATGG-GATCAACGCTGTAACGCCTG-CTAGCCGCACACGTGTGGAC	1
b'ATATACAAAGACATTC'	AATTCAAACCCCTGGCGATGG-GATCAACGCTGTAACGCCTG-CTAGCCGCACACGTGTGGAC	1
b'AAGCCCGTATACAAAA'	AATTCAAACCCCTGGCGATGG-GATCAACGCTGTAACGCCTG-CTAGCCGCACACGTGTGGAC	1
b'CCAGCCTGACAGAACT'	AATTCAAACCCCTGGCGATGG-GATCAACGCTGTAACGCCTG-CTAGCCGCACACGTGTGGAC	1
b'ACTTAACTCCCGCCTC'	AATTCAAACCCCTGGCGATGG-GATCAACGCTGTAACGCCTG-CTAGCCGCACACGTGTGGAC	1
b'CAAACCGTAAAAAGGG'	AATTCAAACCCCTGGCGATGG-GATCAACGCTGTAACGCCTG-CTAGCCGCACACGTGTGGAC	1
b'ATGTACTGCACAATTT'	AATTCAAACCCCTGGCGATGG-GATCAACGCTGTAACGCCTG-CTAGCCGCACACGTGTGGAC	1
b'ACTTCCCCCATCAGGA'	AATTCAAACCCCTGGCGATGG-GATCAACGCTGTAACGCCTG-CTAGCCGCACACGTGTGGAC	1
b'CCAGCCTTACAGACGC'	AATTCAAACCCCTGGCGATGG-GATCAACGCTGTAACGCCTG-CTAGCCGCACACGTGTGGAC	1
b'AATCCAATAGCGCCGA'	AATTCAAACCCCTGGCGATGG-GATCAACGCTGTAACGCCTG-CTAGCCGCACACGTGTGGAC	1
b'ATGTCCGGCATCAGGA'	AATTCAAACCCCTGGCGATGG-GATCAACGCTGTAACGCCTG-CTAGCCGCACACGTGTGGAC	1
b'ACATAGCAAGCAATGA'	AATTCAAACCCCTGGCGATGG-GATCAACGCTGTAACGCCTG-CTAGCCGCACACGTGTGGAC	1
b'AGCCAGCCATCCCCAC'	AATTCAAACCCCTGGCGATGG-GATCAACGCTGTAACGCCTG-CTAGCCGCACACGTGTGGAC	1
b'AATTAGACAATCCCAC'	AATTCAAACCCCTGGCGATGG-GATCAACGCTGTAACGCCTG-CTAGCCGCACACGTGTGGAC	1
b'CAGTAAACCATCAGGA'	AATTCAAACCCCTGGCGATGG-GATCAACGCTGTAACGCCTG-CTAGCCGCACACGTGTGGAC	1
b'CCCGCCTGAGCCAGAG'	AATTCAAACCCCTGGCGATGG-GATCAACGCTGTAACGCCTG-CTAGCCGCACACGTGTGGAC	1
b'ATCTAAAACCCGATCA'	AATTCAAACCCCTGGCGATGG-GATCAACGCTGTAACGCCTG-CTAGCCGCACACGTGTGGAC	1
b'ATCTCCTACATCAGGA'	AATTCAAACCCCTGGCGATGG-GATCAACGCTGTAACGCCTG-CTAGCCGCACACGTGTGGAC	1
b'CATACAGCAGCTCCAT'	AATTCAAACCCCTGGCGATGG-GATCAACGCTGTAACGCCTG-CTAGCCGCACACGTGTGGAC	1
b'ATCCAAGTAAAAAATC'	AATTCAAACCCCTGGCGATGG-GATCAACGCTGTAACGCCTG-CTAGCCGCACACGTGTGGAC	1
b'AGCGACATACTCATGA'	AATTCAAACCCCTGGCGATGG-GATCAACGCTGTAACGCCTG-CTAGCCGCACACGTGTGGAC	1
b'ATCTCAAACATCAGGA'	AATTCAAACCCCTGGCGATGG-GATCAACGCTGTAACGCCTG-CTAGCCGCACACGTGTGGAC	1
b'CACTACTGCATAAAGG'	AATTCAAACCCCTGGCGATGG-GATCAACGCTGTAACGCCTG-CTAGCCGCACACGTGTGGAC	1
b'AAAAAATAACGGCAAA'	AATTCAAACCCCTGGCGATGG-GATCAACGCTGTAACGCCTG-CTAGCCGCACACGTGTGGAC	1
b'CCCTAACGAGCCAGCA'	AATTCAAACCCCTGGCGATGG-GATCAACGCTGTAACGCCTG-CTAGCCGCACACGTGTGGAC	1
b'ATTCAGTTCCGTCACG'	AATTCAAACCCCTGGCGATGG-GATCAACGCTGTAACGCCTG-CTAGCCGCACACGTGTGGAC	1
b'CCGCATGCAGGTAGGG'	AATTCAAACCCCTGGCGATGG-GATCAACGCTGTAACGCCTG-CTAGCCGCACACGTGTGGAC	1